Date,rolling_vol_20d,rolling_vol_60d,rolling_vol_120d,ewma_vol_lambda_0.94
2023-01-03,,,,0.0910218883782333
2023-01-04,,,,0.09556902142142423
2023-01-05,,,,0.09294599531317987
2023-01-06,,,,0.10014794716795
2023-01-09,,,,0.09777659677940376
2023-01-10,,,,0.11589183950139897
2023-01-11,,,,0.1180936350571125
2023-01-12,,,,0.13302032911200493
2023-01-13,,,,0.14667778972994525
2023-01-16,,,,0.14288554776638762
2023-01-17,,,,0.13853368844944233
2023-01-18,,,,0.1350350606148563
2023-01-19,,,,0.13208079916810364
2023-01-20,,,,0.13029886909068608
2023-01-23,,,,0.13596215973211548
2023-01-24,,,,0.13242925673308736
2023-01-25,,,,0.12842990401528764
2023-01-26,,,,0.12565756201580675
2023-01-27,,,,0.12755073949670054
2023-01-30,0.14856005803350386,,,0.12763448814957834
2023-01-31,0.14707401824428126,,,0.1242701943251291
2023-02-01,0.14435663616105876,,,0.12052868056220076
2023-02-02,0.15403457385573815,,,0.12902159964499926
2023-02-03,0.14784194938998602,,,0.12512489183140652
2023-02-06,0.14926514039021027,,,0.1254712508848453
2023-02-07,0.14650060744794793,,,0.13497692249638157
2023-02-08,0.14620615599682316,,,0.13550425385886283
2023-02-09,0.14507615805345053,,,0.1445308937480998
2023-02-10,0.12856455455181148,,,0.14105629005671916
2023-02-13,0.12981509172160646,,,0.13929764934428301
2023-02-14,0.13248831753497695,,,0.13709698549432425
2023-02-15,0.137745311581447,,,0.13829893232085996
2023-02-16,0.13836195732133708,,,0.13561175499872757
2023-02-17,0.14608789162010877,,,0.14378673502899375
2023-02-20,0.1374774912968481,,,0.13985228499123922
2023-02-21,0.15173074307326842,,,0.15553293793738052
2023-02-22,0.1734053620726279,,,0.1817869048627172
2023-02-23,0.17561110819576545,,,0.1817436869337309
2023-02-24,0.18149626321590562,,,0.18099407986963786
2023-02-27,0.18153136296698794,,,0.1758451826463279
2023-02-28,0.18243664090159364,,,0.1715580300274884
2023-03-01,0.1843974166425953,,,0.16785279511314524
2023-03-02,0.17720737026444477,,,0.16445952666967473
2023-03-03,0.1829078988423568,,,0.1644723955313956
2023-03-06,0.18327122733058746,,,0.1611143896864999
2023-03-07,0.17906945540854088,,,0.16024688710903973
2023-03-08,0.18744366367561283,,,0.17149378308825655
2023-03-09,0.1810089343645704,,,0.17427194368402443
2023-03-10,0.19323241018396098,,,0.18180422236336222
2023-03-13,0.1916622048064595,,,0.17687256761905581
2023-03-14,0.1939298646782573,,,0.17372846679311274
2023-03-15,0.20169221089865713,,,0.18396732340879887
2023-03-16,0.20268465600556457,,,0.1813651232690871
2023-03-17,0.19850822007849772,,,0.17702507402059947
2023-03-20,0.1981724012667564,,,0.17243437884925852
2023-03-21,0.19028344609497239,,,0.17297535059428393
2023-03-22,0.18255325532278624,,,0.18754574140529434
2023-03-23,0.17762466101270374,,,0.18436535508954482
2023-03-24,0.1748953288312958,,,0.17925221824164012
2023-03-27,0.17946619511465958,0.16935219283338734,,0.17778884308648765
2023-03-28,0.17927514508658257,0.1688040287297278,,0.17257979038027008
2023-03-29,0.17863556325919694,0.16792384504227603,,0.16759509552247814
2023-03-30,0.17834022080674106,0.16839997897396308,,0.16381840340302034
2023-03-31,0.18421686228069498,0.17037502747069846,,0.17141441989251327
2023-04-03,0.1837000180842228,0.1705219367608373,,0.16703674819408143
2023-04-04,0.19603583327335883,0.17293566684452769,,0.18217077489211436
2023-04-05,0.18146840457920263,0.1720164664498726,,0.17722286895029135
2023-04-06,0.171956558488223,0.16820318542888826,,0.1718259331143064
2023-04-07,0.16584803990105815,0.16508009921706088,,0.1711297022116962
2023-04-10,0.17646296566967598,0.1695235826419386,,0.18263379057671758
2023-04-11,0.20534118302092,0.1786234890578436,,0.20500728387408265
2023-04-12,0.1901543616057945,0.17870337947725246,,0.1995365385923231
2023-04-13,0.18533525377486826,0.17857845567321906,,0.19377919132452776
2023-04-14,0.18522151668347864,0.17827986566188223,,0.18831517397466332
2023-04-17,0.18571272343516285,0.17669194573214328,,0.18366101049290345
2023-04-18,0.18057172547255224,0.17693180726561286,,0.17934170640705932
2023-04-19,0.16814251885661935,0.17693024017811296,,0.17389884818742982
2023-04-20,0.19915533138344493,0.18604918553803781,,0.2013196775161545
2023-04-21,0.1998094829452054,0.18525753478050205,,0.19605978769313262
2023-04-24,0.19634394120835713,0.18453127479526318,,0.19009205803943716
2023-04-25,0.19884149105750976,0.18568029843726522,,0.18864834867542232
2023-04-26,0.2096260200283572,0.18909843840419574,,0.19515318501186651
2023-04-27,0.20933417625142953,0.18680005872086095,,0.18966166227641554
2023-04-28,0.2050552864265669,0.18852855486605924,,0.18955287656561023
2023-05-01,0.22669197919979356,0.19612947387813984,,0.21325559799227636
2023-05-02,0.21286786392038426,0.1945331537780807,,0.20881101206982788
2023-05-03,0.21640443054013397,0.1959119681434938,,0.21101421798735392
2023-05-04,0.21616020629048077,0.19296695375168754,,0.20464084103297725
2023-05-05,0.21150711450156118,0.19279562244943427,,0.19861750472319717
2023-05-08,0.19331095323627934,0.19210189857098425,,0.19258070463811422
2023-05-09,0.1891004455579568,0.19517868418590054,,0.19738758334443438
2023-05-10,0.21919625019215,0.20365522054481774,,0.22245913495350525
2023-05-11,0.22156853126366566,0.20476948458525046,,0.22041243897009313
2023-05-12,0.22113106541951813,0.20249332006707887,,0.21380289437814143
2023-05-15,0.2235422784648865,0.20303499978387024,,0.20947515008373216
2023-05-16,0.22883239046141368,0.20157104817203442,,0.2120640878324545
2023-05-17,0.23368753330074962,0.1967788408134386,,0.21425175941887165
2023-05-18,0.2157011793855607,0.19654179165201618,,0.21165266220574624
2023-05-19,0.2205971124476267,0.1978577208099558,,0.21341187761765892
2023-05-22,0.22982321665671407,0.20043669875975623,,0.21584895247123104
2023-05-23,0.22695165776768392,0.201143362836723,,0.21249769568134286
2023-05-24,0.22289926763653725,0.20153588579328957,,0.2085857691524866
2023-05-25,0.23194075787613555,0.2041972038643601,,0.21282762869241928
2023-05-26,0.231196455571666,0.2042696284089617,,0.2105017125739345
2023-05-29,0.20727261903021565,0.20393846141719882,,0.2041739397923136
2023-05-30,0.20590508897425172,0.20304089207777626,,0.1979706965491486
2023-05-31,0.1988835023260115,0.19973469799120852,,0.19334049977670104
2023-06-01,0.20559008613762877,0.2003761507865696,,0.19759350552007965
2023-06-02,0.2101460087709746,0.19852176192931623,,0.1957520554617987
2023-06-05,0.21598187403101982,0.20092474026894241,,0.19924753600442596
2023-06-06,0.20947829126274783,0.20044488728223453,,0.19327154859838847
2023-06-07,0.18170175811570172,0.19643598093312026,,0.1874805156216944
2023-06-08,0.17658411528791237,0.19556211430858877,,0.18188301547521862
2023-06-09,0.196315049604833,0.2015926652558566,,0.19907702934572125
2023-06-12,0.19391402811596611,0.20154443204866768,,0.19355573457031394
2023-06-13,0.18696695707321484,0.20020409114754067,,0.1882015923025806
2023-06-14,0.17969724564988457,0.19568851740449345,,0.18397515617799542
2023-06-15,0.1753432831069553,0.19502048008841869,,0.17842879241841153
2023-06-16,0.17126994997729472,0.1971195569605122,,0.18167046149633176
2023-06-19,0.17149152202010437,0.1987444052871688,0.18417845702574762,0.18682297475542378
2023-06-20,0.1736757250953707,0.20160979020995964,0.1857169585539858,0.19315963910889375
2023-06-21,0.19039784169133842,0.20569971838773266,0.18731743199317166,0.2018131579356029
2023-06-22,0.1872363319394733,0.20679291757244728,0.1879611761667454,0.2003243996665297
2023-06-23,0.18897291618341225,0.20558192747673623,0.18804080886637078,0.20029217778623662
2023-06-26,0.19844540274231284,0.20835945777601922,0.18958218159408408,0.20578224028467526
2023-06-27,0.20140474806712136,0.20413204661678708,0.18848741855976248,0.20217908399202184
2023-06-28,0.20135250682026237,0.20415652787311736,0.1881015957590304,0.19732133247929542
2023-06-29,0.19122631525483524,0.20414632162650445,0.18649196944816532,0.1914271569524427
2023-06-30,0.19294767009757183,0.20423731258473868,0.18562170326474356,0.1922293830028009
2023-07-03,0.18850122819170256,0.20188521209130417,0.1870684209513831,0.19766361242035582
2023-07-04,0.18855710400188216,0.19549209975058138,0.18722867945680643,0.19302125534619807
2023-07-05,0.1881908003535055,0.1951190711970545,0.1871349788769133,0.18714883241314761
2023-07-06,0.19255226671442058,0.19609252919427247,0.18748826503508031,0.1846429895315823
2023-07-07,0.18347706509906714,0.19801870740479327,0.188555157297266,0.18962006253381208
2023-07-10,0.18385616606282768,0.19811897033208414,0.18765458378750446,0.1854972018761664
2023-07-11,0.18320230963778056,0.19853194734984642,0.1879991851791956,0.18330629317650837
2023-07-12,0.18358586274461589,0.19885341855591568,0.18825375019979737,0.18025972887120054
2023-07-13,0.1847960614929932,0.1924178628319135,0.1888689849108952,0.1809363047619981
2023-07-14,0.17438388487842008,0.19272005099097736,0.18860196852239058,0.17617324044829918
2023-07-17,0.15570346103000915,0.19292970336976,0.18847907831051677,0.17259493364279527
2023-07-18,0.13656037056702042,0.19477513700865998,0.190401464019069,0.1846153482060361
2023-07-19,0.1412042703999896,0.19693790906780326,0.19299534745472208,0.2001761311384136
2023-07-20,0.1408260664718184,0.19736864722191388,0.19196769054854182,0.1971084872484862
2023-07-21,0.15138670191492695,0.19645709135165854,0.19252201903301885,0.19396431216008123
2023-07-24,0.1551952331791488,0.19047637491396358,0.19277616026795447,0.19074554458479304
2023-07-25,0.16356292894792906,0.19243769662419807,0.1930608087043125,0.1931660306048455
2023-07-26,0.16964099109219458,0.19126850855013353,0.19288193189970615,0.1894105665795794
2023-07-27,0.17709813869268828,0.192653054318504,0.19201212403856743,0.18751454302021325
2023-07-28,0.1852803491479969,0.19510302878201727,0.193136776262563,0.18991068147150675
2023-07-31,0.1952253691298869,0.20016570781838589,0.19537720867841876,0.20096184300051684
2023-08-01,0.20392813095576173,0.19999540183627554,0.1968162474658524,0.20717091940717502
2023-08-02,0.20561406875375432,0.19024488420196323,0.19677528431435007,0.20414164312652314
2023-08-03,0.20481402291098272,0.19014833047258617,0.19707849527565566,0.200112495351812
2023-08-04,0.19990875107028272,0.1907166064249112,0.19628129762642058,0.19552921744648952
2023-08-07,0.2023937238753824,0.19119192577413843,0.19681220167496186,0.19337516944795302
2023-08-08,0.19994365426692615,0.1891544629130755,0.19495659002185795,0.1879547058229955
2023-08-09,0.21286357971074335,0.19144877228664897,0.19377403291685155,0.20039954360144221
2023-08-10,0.22548863637123712,0.19615965916247632,0.19611893733427274,0.21553089333372413
2023-08-11,0.2303346054777127,0.19637802906341242,0.19645634693810488,0.2151217728619358
2023-08-14,0.25052431014183374,0.20258324983614354,0.2008295820315235,0.2359453694540463
2023-08-15,0.24000112154612632,0.20355161189882978,0.20152666741715075,0.23371652406538176
2023-08-16,0.21964497647056105,0.20329164652164308,0.2016007397002549,0.22816196117995258
2023-08-17,0.21395018609819905,0.20036802721918867,0.2015574136128541,0.22221317128088297
2023-08-18,0.2144243484506444,0.19894768582806113,0.20095280977371122,0.2154486743681126
2023-08-21,0.2140758565521211,0.19942208476803977,0.20094673977524877,0.21011059538092225
2023-08-22,0.21095520149696598,0.1996424421683647,0.200552340443645,0.204239254554502
2023-08-23,0.21415043337888076,0.19977171990286588,0.19901384028773203,0.19989119641394998
2023-08-24,0.22157937877000086,0.1985683395730693,0.1991502017634352,0.20169731190735304
2023-08-25,0.21893959299676294,0.19798768181386908,0.19768165523428807,0.1972507376161052
2023-08-28,0.20680037349304203,0.194933996524503,0.19763815952012054,0.19182904070433326
2023-08-29,0.199219645682523,0.1956838417638566,0.1977601231826773,0.18989559151039367
2023-08-30,0.20128250086935953,0.1967512309520676,0.19666937917799593,0.19012845840982284
2023-08-31,0.20505677645831208,0.19810383692500427,0.19726390489021095,0.19195727290201578
2023-09-01,0.21625176277581296,0.1977579139528899,0.19924405414379487,0.20091846880563596
2023-09-04,0.21569745996316333,0.19881203671769138,0.19964452342075745,0.19783149291996205
2023-09-05,0.2288025008585078,0.20319259877127013,0.20152989340606345,0.21058209881800738
2023-09-06,0.21784865391732608,0.2033496469683832,0.19914084969728985,0.2062404599165773
2023-09-07,0.20183609249186626,0.20358404505662311,0.19895027055243938,0.2019508605715738
2023-09-08,0.1957185172671742,0.20082339791549303,0.19884521730698337,0.1958345154386645
2023-09-11,0.166014934304648,0.19820422269190896,0.1987834899869829,0.1918484199959168
2023-09-12,0.15841650949707717,0.19428756765369545,0.19883499878464464,0.1862640202380112
2023-09-13,0.15520433989774327,0.1911724272258655,0.19883564969357156,0.18062081440568664
2023-09-14,0.1534173252560259,0.19070912959710087,0.19892621536626567,0.17808031278821249
2023-09-15,0.15331611178962082,0.18945842116281242,0.19727657797012862,0.17268382897322468
2023-09-18,0.14958651876272472,0.18663575865560747,0.1971246281000832,0.16760769671337333
2023-09-19,0.15019778284135935,0.18685050205879775,0.19506928778202473,0.17004534207893937
2023-09-20,0.16500641267454455,0.1920171126934474,0.19760852319420788,0.18914836281669792
2023-09-21,0.16478892889294075,0.19247548646295762,0.19777310044449498,0.18411982003699495
2023-09-22,0.1661901074940139,0.19203570778695755,0.19748182428700597,0.18341495838376456
2023-09-25,0.17001003559280764,0.19013289224944122,0.19528164424194172,0.1790700287550574
2023-09-26,0.17376000176056586,0.19207551940809373,0.19298613006782894,0.18396614111283613
2023-09-27,0.17187855739133373,0.19204159390885336,0.19277796595601318,0.17836636745258302
2023-09-28,0.1730779187035165,0.1919662038579258,0.19323857193660304,0.17604500559988967
2023-09-29,0.15585796192805118,0.191344580286642,0.19389088346289785,0.17908929235242338
2023-10-02,0.14819856165387116,0.1911203337956039,0.19383535453909373,0.17375251832164693
2023-10-03,0.13572543077626997,0.1907819568069978,0.19390446478109485,0.16891978196905338
2023-10-04,0.13552747294548267,0.1903765398009036,0.19391372410169544,0.16377425717640087
2023-10-05,0.13570529867637268,0.1895570915265773,0.1902248080187179,0.16159603125173785
2023-10-06,0.14596922752739525,0.19117635826953366,0.19117441335010063,0.16332666096719056
2023-10-09,0.15006635094855056,0.1937692761019692,0.19255723346555054,0.1723045662454758
2023-10-10,0.1491851297502032,0.18990514679924272,0.19178989347340084,0.16708221933811368
2023-10-11,0.1554837901203764,0.18543200143262603,0.1910311270820032,0.165795460358057
2023-10-12,0.15514290857799762,0.18517566691048484,0.19120147279515873,0.16328449099016784
2023-10-13,0.15667984841927532,0.18436657820147334,0.19032335783685472,0.15876763702770397
2023-10-16,0.15715256199809255,0.18389875131232164,0.1866214562227846,0.15643883377068915
2023-10-17,0.15337454245799134,0.18113126980204913,0.1861620781358674,0.15186140802996745
2023-10-18,0.132533869494602,0.18028957999143552,0.1850832797666035,0.14723515558317704
2023-10-19,0.13096610893601318,0.17886723279015387,0.18510918161956655,0.14277861763949404
2023-10-20,0.12806988131339767,0.17618424215477077,0.18518417969291864,0.1408314945312975
2023-10-23,0.12523127323698202,0.16983779654160455,0.18518138947336613,0.1365906980591548
2023-10-24,0.11688988121353648,0.16713905271575985,0.18355981569325888,0.13378614368931757
2023-10-25,0.1175926709238788,0.16660947919138072,0.1780924975646219,0.1300796410930994
2023-10-26,0.11245523468469683,0.16559806742268063,0.17754582696061116,0.1261696917100076
2023-10-27,0.10821136892491835,0.16577707298778568,0.17795860199081276,0.12926599697328037
2023-10-30,0.10966940596648367,0.16415518492600922,0.17752484394981663,0.1276635647354763
2023-10-31,0.108634404702232,0.16377330484753932,0.17641166105204634,0.12484758388768921
2023-11-01,0.12737447934367113,0.16343345061058684,0.17743598589484108,0.14546743124179762
2023-11-02,0.12998791528449677,0.1580160701980695,0.17737862837858231,0.14315064752588638
2023-11-03,0.11932111846261956,0.15493890564279086,0.17631121423603638,0.13879292078551805
2023-11-06,0.1306231956964848,0.14844308497503247,0.1771702860000091,0.15452404567606826
2023-11-07,0.13267299030257027,0.1462943009002948,0.17710395196170978,0.15148921992635317
2023-11-08,0.1275819847389261,0.14504327019006044,0.17652295700696613,0.1470047791909789
2023-11-09,0.1406217317029177,0.147854500653021,0.1761757386563079,0.1601117912955269
2023-11-10,0.15272213766297268,0.15165071157765753,0.17708348147866515,0.1728962601044858
2023-11-13,0.15214692769596225,0.15061895614190549,0.17710286217320217,0.16763054410988545
2023-11-14,0.1626782620072181,0.15317845877622913,0.17874894924418847,0.17824367641040184
2023-11-15,0.16420268728340184,0.15373159211543536,0.17910448484275468,0.17787428709598085
2023-11-16,0.1641845068774437,0.15237817984304464,0.17715010178135993,0.17247636785257703
2023-11-17,0.16562525080241358,0.1528031856540088,0.1769315836216178,0.16762059922085085
2023-11-20,0.1795490052045142,0.15790716525832332,0.17704263453697777,0.17417346639540318
2023-11-21,0.1857927092600599,0.16042676548400278,0.17834359741844288,0.17582427319405422
2023-11-22,0.18727927535450287,0.16008968203178725,0.17869840272990375,0.1755456068995904
2023-11-23,0.188309161971866,0.15889331774493481,0.17882152751695848,0.17082444872600608
2023-11-24,0.19243371410451338,0.15481135065388785,0.17724065768826103,0.17734855209299585
2023-11-27,0.1966152161487497,0.15469136270503692,0.17815940348198922,0.18121841946651915
2023-11-28,0.1966007337501812,0.14950792164903687,0.17795180601543453,0.17608430559782126
2023-11-29,0.18585592947769813,0.14935400341868146,0.1779070470841308,0.17072386899768938
2023-11-30,0.18482922930260756,0.14980309253809052,0.17810462608596342,0.16642780219269843
2023-12-01,0.1866463411225456,0.15061427526923926,0.17679980052783234,0.16258446936476945
2023-12-04,0.18277981656740147,0.1545920449653769,0.17699842594548063,0.170782987049888
2023-12-05,0.18143554458216635,0.15474372558301708,0.1748952487404236,0.16883684100446017
2023-12-06,0.1858940406423028,0.15622672822642478,0.17386119385472093,0.16693219987576663
2023-12-07,0.1786871311694777,0.1567136197924498,0.17383814440153433,0.16723373362871105
2023-12-08,0.1691124365714375,0.1573803664207065,0.17353325188371088,0.16653999137661835
2023-12-11,0.1691245504532221,0.15746357362087526,0.17212089779989778,0.16146676053672412
2023-12-12,0.16950350464748568,0.16135353168686223,0.1738360135271295,0.17098062788028948
2023-12-13,0.164806532765875,0.15530503711406207,0.17396781728683014,0.1665122148680006
2023-12-14,0.164807653753052,0.15490138830302466,0.1740080724242737,0.16145882340835188
2023-12-15,0.16604850369905172,0.15391260691455175,0.17334188267091635,0.15786418356870907
2023-12-18,0.16337722294282916,0.15540053609631443,0.17291110128692466,0.1629524703847993
2023-12-19,0.15887040351014198,0.15396799289110322,0.173335817676875,0.16381428886298693
2023-12-20,0.15646781643519192,0.1542554326920148,0.1734465364172289,0.1592429895554613
2023-12-21,0.16024266025894107,0.15454087411576317,0.17353231036161298,0.1586917258946201
2023-12-22,0.17494611355991213,0.16031781952836907,0.17577188911717503,0.18364256306910334
2023-12-25,0.16950003128875418,0.1610110897166809,0.17596431344881353,0.1792397810913858
2023-12-26,0.1710864758695668,0.16107275488912437,0.17584130629047645,0.17623633493407306
2023-12-27,0.17158901500781365,0.1613496660411087,0.17576193465302944,0.17124990767666176
2023-12-28,0.17132100837782213,0.1613224665414288,0.17529115879876733,0.1666714509288247
2023-12-29,0.1778974874608543,0.16205210119787106,0.1765073004612616,0.17022015785657196
2024-01-01,0.16762958339654738,0.15940270009658355,0.17667483559522051,0.16652651069070465
2024-01-02,0.1652575537703601,0.15933984745417695,0.17456630347225216,0.16153361422304902
2024-01-03,0.16906548208574032,0.16054861760214367,0.17281180400922677,0.16428289846709018
2024-01-04,0.1686608631736513,0.16113334017151013,0.17296675580302295,0.16425985394395098
2024-01-05,0.16501781329437215,0.16086007924821935,0.17240657174146964,0.1593510170196596
2024-01-08,0.16974320175855168,0.16165497118922956,0.17247693779056295,0.16042110854095182
2024-01-09,0.15584413890180993,0.16173353484082448,0.17100062424041237,0.15557835021513325
2024-01-10,0.15497342621321797,0.1618370638386505,0.17060340323497228,0.15196389377091288
2024-01-11,0.15878153566936173,0.16300891081836613,0.1704013877448547,0.15073820082802797
2024-01-12,0.17125882739069775,0.16692767917666554,0.17089950784302207,0.16498938114418332
2024-01-15,0.17520443935489513,0.1704607549842373,0.16954466369284532,0.17050821503229469
2024-01-16,0.17252408382865383,0.17033472843286823,0.16804072529869285,0.16756738926834894
2024-01-17,0.1735422406531235,0.1704616520969258,0.16784215357185922,0.1646915290974146
2024-01-18,0.17241576808255005,0.17152701502227807,0.16787944717072387,0.1626070704054311
2024-01-19,0.14755016788476022,0.17082006064955152,0.1676405236411955,0.15984831260058513
2024-01-22,0.14980105961490273,0.17186584860269322,0.16751111757786957,0.15879072282748774
2024-01-23,0.15729602135930018,0.17550525909289044,0.16939322151755976,0.16652123534509813
2024-01-24,0.16192944001304574,0.17262950471675156,0.1680969125163841,0.16830637119499434
2024-01-25,0.16183585137019849,0.17206862887947338,0.16483921381307148,0.16318628547228992
2024-01-26,0.1576987492201061,0.173083020216052,0.1641327910832403,0.16171112177542135
2024-01-29,0.1710276578535126,0.1717386912372393,0.16013606974897446,0.17175542404041505
2024-01-30,0.18357197047072163,0.17612032520948964,0.16169067505778192,0.18239301972103683
2024-01-31,0.18733561360437373,0.17866406891851633,0.16246019194753036,0.18676680670184645
2024-02-01,0.19317013118980542,0.17783199166682284,0.16354876852798672,0.19234899861972418
2024-02-02,0.19314100867619083,0.1735588541130126,0.1635505191938595,0.18649276023020375
2024-02-05,0.18929954841172672,0.1736182187456758,0.16316258432917327,0.18117189594679944
2024-02-06,0.18928016145203788,0.16947604362619587,0.1629896512033698,0.17566947978267067
2024-02-07,0.19580766246452286,0.17070121420656895,0.16387661339378706,0.1797433730136966
2024-02-08,0.1943503832324173,0.17109096196782628,0.163232974294216,0.17547397874539747
2024-02-09,0.1811343981372101,0.17098264233177826,0.16308811742786167,0.1703204510763995
2024-02-12,0.1728593189928509,0.16765981029802887,0.16311535344810724,0.1661541623965772
2024-02-13,0.18192857891795483,0.16930022709486678,0.16492168218820638,0.17380524581824258
2024-02-14,0.1808659983661429,0.16820430707293993,0.1642610026611885,0.16945803042063387
2024-02-15,0.18051601087906674,0.16845587384306202,0.16349376291180834,0.1665582276206753
2024-02-16,0.17925696665202182,0.16553215125880877,0.16075527741123344,0.16204054354350508
2024-02-19,0.17759127724458912,0.16331503471489453,0.16038449591504572,0.1586931571917582
2024-02-20,0.16841736265968313,0.16382965987626258,0.1577268917520544,0.15628730300308705
2024-02-21,0.161116034392507,0.16383258136748693,0.15751766840358222,0.1515377515723943
2024-02-22,0.16137504812627107,0.163845531824541,0.1573821033505064,0.14826835003290995
2024-02-23,0.15736705020290034,0.16353334878630826,0.15747000453655824,0.14399632659074685
2024-02-26,0.14592844059391347,0.15953007504997274,0.15697573952138758,0.1398616967391991
2024-02-27,0.12627092707482532,0.15901360619480362,0.15708654436212574,0.13658139765377295
2024-02-28,0.1325922943952782,0.1625748226673935,0.1591874419449371,0.1526286074841777
2024-02-29,0.12413563242899656,0.16213800304931283,0.15924733817107298,0.15203248976117933
2024-03-01,0.12759502249299645,0.16234465478885216,0.15976338724159653,0.1530867978880277
2024-03-04,0.1319515505120258,0.1631478395854538,0.16026654075943134,0.150869509434269
2024-03-05,0.13661095927426556,0.15965912929959136,0.1600668387006293,0.14967979834024725
2024-03-06,0.12855871198933685,0.1595988741541316,0.15687974841760605,0.14578080473152238
2024-03-07,0.13513638551769128,0.16189748358122205,0.15780680099242167,0.15205094925221446
2024-03-08,0.1352749109984498,0.16170490619728106,0.15722731601242368,0.14741894047630086
2024-03-11,0.1348069869585284,0.15934762507410366,0.15691638444009756,0.14295327009406372
2024-03-12,0.1222837431043732,0.15899467938912412,0.15614668583014363,0.1422123608960497
2024-03-13,0.14406127265014976,0.16434462992830948,0.1591289604265059,0.15816876591735665
2024-03-14,0.14326108546130487,0.16339612884176002,0.1586418389998598,0.1548393863339676
2024-03-15,0.1551718650022912,0.15848114848122383,0.15960070474695617,0.16333195258046135
2024-03-18,0.15432928114466724,0.1582856209511958,0.1597352600711525,0.15899192715607108
2024-03-19,0.1520665953421155,0.15748620859067,0.15963118566970994,0.15415005534111026
2024-03-20,0.15206615420683592,0.1573834327826138,0.15963588568858786,0.14945738358652672
2024-03-21,0.15414821859742825,0.15845197480711815,0.16006966501334485,0.1498126020479466
2024-03-22,0.1682876586552283,0.16027015829788524,0.1609325163835816,0.16127428760873735
2024-03-25,0.16896905215137628,0.16017237569925427,0.15935985103719727,0.15760026309870925
2024-03-26,0.1689690764245758,0.1604182114575556,0.1595102313850469,0.15366992034935822
2024-03-27,0.1601498132208795,0.16167426410563535,0.1607317906191799,0.16148006017401606
2024-03-28,0.15749516309996361,0.1606976558987234,0.16060095062310867,0.1581010843665832
2024-03-29,0.1596554791598733,0.16268952105639545,0.16140124681557982,0.16079340541922063
2024-04-01,0.15883036539035508,0.16130288174608765,0.16127878321407332,0.15661669369585643
2024-04-02,0.1572732030920804,0.1614030134031154,0.16135809534411683,0.15227311312565156
2024-04-03,0.17550727167707744,0.16823940364576834,0.16522388400847568,0.17424314380341205
2024-04-04,0.16334245379147344,0.16786061800409668,0.16547797841628417,0.17049399612432067
2024-04-05,0.16285690847490045,0.1628659808571681,0.16550179067826595,0.1669893508767245
2024-04-08,0.16186879921208636,0.16022787676266914,0.16559090727639547,0.16244739167525982
2024-04-09,0.16131194656506928,0.15946711293546992,0.16548525092141214,0.1579163643297527
2024-04-10,0.1532613897900307,0.15916560045770103,0.16558845569096384,0.15451158592916583
2024-04-11,0.15321710526716287,0.15901214493035493,0.1657358914888676,0.15129501943576915
2024-04-12,0.14815563879689375,0.15973361799089278,0.16594086871997948,0.15326902310520538
2024-04-15,0.15816572212119223,0.16142360199719302,0.16675030948547342,0.15703894128283255
2024-04-16,0.17140182173676002,0.1619427432193043,0.16835964398020964,0.16568469149554188
2024-04-17,0.17138342757641423,0.15996144137953622,0.16573450790294644,0.16066974348119337
2024-04-18,0.1928138830256044,0.16938742473505677,0.17015227687413995,0.18800228123786614
2024-04-19,0.1812276054660032,0.170397125832855,0.17113438749189847,0.18868057687454215
2024-04-22,0.18116807715743094,0.166033360012793,0.1687685644630326,0.18310540637476136
2024-04-23,0.1815582925846433,0.16154848219269188,0.16854744359190676,0.1775323869463977
2024-04-24,0.1814604502972353,0.16118536614327392,0.17014031568245133,0.1829073913939185
2024-04-25,0.17992885899150296,0.15790078007451802,0.1684975041449889,0.1812782080959046
2024-04-26,0.1695782490684956,0.15787522581592275,0.1660273884045531,0.17599534685465126
2024-04-29,0.16968994252781994,0.1579336675774784,0.1662529399223276,0.1724280132448875
2024-04-30,0.176123848352122,0.16151349570310217,0.16581025268691602,0.1814040548466206
2024-05-01,0.16262850727539846,0.1582154192248807,0.16527704691766346,0.17864444260688725
2024-05-02,0.18117084781068932,0.16609993363004594,0.16956796991092232,0.20264895215157572
2024-05-03,0.18183055368464818,0.16583950468129632,0.16954640546551938,0.1965343230611243
2024-05-06,0.18184697887743387,0.16543063199139235,0.16840386933740237,0.19288810165076617
2024-05-07,0.18296475277308855,0.1640211430054619,0.16833364312541882,0.19283993307546762
2024-05-08,0.1814062716590624,0.1637920834947575,0.16756995326361132,0.18740499972458657
2024-05-09,0.18977683902092238,0.1658155834277602,0.16878111286010292,0.18872142455806326
2024-05-10,0.18882930031672898,0.16617620002891137,0.16719354142600584,0.18565438601722128
2024-05-13,0.18052793327587818,0.16688938827448557,0.16585853323858074,0.1812071655818675
2024-05-14,0.15934854829328032,0.1657278603565998,0.1658257753396769,0.17670518935043122
2024-05-15,0.15813045875609794,0.1656705876536421,0.16586033294884212,0.1719745702131281
2024-05-16,0.140690616672112,0.16486046284872835,0.1657974980267868,0.16684153600244603
2024-05-17,0.14101603473915522,0.16613754351787338,0.1665795220337518,0.16952413549499631
2024-05-20,0.1529844216661536,0.16832369768889535,0.16597813761344504,0.1698525142238745
2024-05-21,0.15448176012411688,0.16873078866045532,0.16548741211804313,0.1650551396138189
2024-05-22,0.14932912361925346,0.1622606460984016,0.16531684451218515,0.1618641087925667
2024-05-23,0.1533065933759781,0.16211402302195516,0.1656828718249549,0.1681679307335841
2024-05-24,0.15310489595570806,0.15933558860228755,0.1649025221037273,0.16359421425153498
2024-05-27,0.15571259264914997,0.1603296882266963,0.16574370685037507,0.16661543009270488
2024-05-28,0.1499463970614487,0.16049114280040602,0.16412504427989838,0.16164115105094046
2024-05-29,0.15071027338276644,0.16097053490892657,0.16454809891008704,0.1614382852086423
2024-05-30,0.12582316617096342,0.15644866541605298,0.16476015294208324,0.15909385581679297
2024-05-31,0.12673138743028112,0.15662187142671533,0.16451241798642446,0.1543228665684264
2024-06-03,0.12592327526058777,0.15627855785836722,0.16292944488010672,0.15099519959681995
2024-06-04,0.12944859440886983,0.15872919720410678,0.1627031593185792,0.1511818815867004
2024-06-05,0.14379140217421635,0.1605694873447822,0.1647286186260448,0.15933480410994497
2024-06-06,0.1430572545016456,0.16186019998758494,0.16590202486845257,0.168422687866547
2024-06-07,0.14184006421109507,0.15972837648584037,0.16098222270394597,0.16356555651856147
2024-06-10,0.13940707114200857,0.16004415730504787,0.16096726228329328,0.15865310589165052
2024-06-11,0.13946581603552366,0.16000426438587007,0.16039245025990495,0.1538408101066662
2024-06-12,0.1407320180075901,0.1603788934716162,0.1605223797331721,0.14951552233481477
2024-06-13,0.1417741760291891,0.16006514039914435,0.16070476538166756,0.14783644423132167
2024-06-14,0.13801533851719555,0.15438871566475898,0.15995465950997032,0.14399467096403845
2024-06-17,0.13142059296224645,0.15519870825638152,0.16007136994336585,0.14051281061309095
2024-06-18,0.13114547616362887,0.15539217931017973,0.1602281229355549,0.1392655286329493
2024-06-19,0.13111409087079998,0.15350893464760842,0.15946084910721278,0.1350698282529181
2024-06-20,0.13311111588381858,0.15481811633147274,0.16003553300205037,0.1466683591805161
2024-06-21,0.143975241571261,0.15373619805983102,0.16165096001459203,0.15841990450560864
2024-06-24,0.1393376997821611,0.1539019192099836,0.16052085717308648,0.15362296031233075
2024-06-25,0.13849733932150765,0.15391836578624907,0.16051294620090722,0.14926836541922525
2024-06-26,0.13629469359198534,0.14867232167178457,0.1602438057421646,0.144731861374063
2024-06-27,0.15850098832468046,0.15509983239599384,0.1635331205649371,0.17168768247738128
2024-06-28,0.16164647247000755,0.15660353995903822,0.16088802463733157,0.16845303573135736
2024-07-01,0.16842481538619067,0.1594521901511026,0.16091520523253705,0.16855615887916348
2024-07-02,0.16280456206844254,0.15949095679937839,0.1604177342544898,0.16485046221152447
2024-07-03,0.14673223926870696,0.1584201382228156,0.1599293931260853,0.16148326025429013
2024-07-04,0.15410884736755587,0.16247670973052966,0.16191655708901084,0.1683858422697058
2024-07-05,0.1575913244732667,0.16312507693045492,0.1619342922966297,0.16547039585626266
2024-07-08,0.15942680244131038,0.16057336919834067,0.1620199154987015,0.1618454914302592
2024-07-09,0.15939230605470348,0.1549598099756675,0.16068463074257927,0.1569848901346672
2024-07-10,0.1598602827811041,0.1556399425713205,0.1601968208616419,0.1529251098216744
2024-07-11,0.15840508715321283,0.14800897781937591,0.16019666288654408,0.1482746617382261
2024-07-12,0.15765519538069506,0.14677767055016155,0.15992949183568855,0.144677706887915
2024-07-15,0.1651048455060296,0.1505284354828714,0.1587919350996732,0.14925245019040784
2024-07-16,0.18700936242277588,0.15788183295731467,0.16083035948873936,0.17760767715999218
2024-07-17,0.18684616661619322,0.15585394187887533,0.1588475689889821,0.17219717202538778
2024-07-18,0.17889182521406288,0.15529668241474842,0.156519295800292,0.1679639030408097
2024-07-19,0.16852347786334765,0.1557085119536197,0.15662699478445968,0.16313835038799757
2024-07-22,0.173215623974424,0.15803205926891656,0.15756870602258652,0.1635635093183753
2024-07-23,0.17727983730830707,0.15718391578708973,0.15871517637465402,0.16433907296137315
2024-07-24,0.18063696411910757,0.15880672233135595,0.15786880954592022,0.164438935981704
2024-07-25,0.15079356776018937,0.1500987362098262,0.15792733047700058,0.15969365114356096
2024-07-26,0.15017014753542168,0.1505428928367078,0.15807653440130284,0.15570452011615665
2024-07-29,0.14898716965013034,0.15137795897760936,0.15856897082375213,0.1548952677380549
2024-07-30,0.14605793873659453,0.14991012039127527,0.15729092458392419,0.15089888760552633
2024-07-31,0.14297195203662028,0.14967250486429956,0.15702685112619225,0.14631355129254794
2024-08-01,0.13990005600318478,0.1475590224332716,0.15676345264504657,0.1454334724666781
2024-08-02,0.1403946428515564,0.14799793563995606,0.15739272609415744,0.14430073651847813
2024-08-05,0.14000075065307258,0.14778128837928511,0.15751798438489595,0.1407848659822092
2024-08-06,0.14076421989992552,0.14849272782928294,0.15754260912941434,0.1393872167182091
2024-08-07,0.14086563395220458,0.148357580626001,0.15755248168255104,0.13514092057323734
2024-08-08,0.1430112330715323,0.1486393932892334,0.1573068485730151,0.132578651617032
2024-08-09,0.14144454197464676,0.14641122152741687,0.1573268004205712,0.12854024316588122
2024-08-12,0.1445841755657544,0.14656607394847476,0.15802936826818037,0.13433595567437442
2024-08-13,0.11923841095724852,0.15212593171495875,0.16095769145921837,0.15026560079968782
2024-08-14,0.12251971304211103,0.15199225732015254,0.1580015920806438,0.14715540399340965
2024-08-15,0.12271793444262578,0.14907826990720838,0.15724793778878696,0.14397855687262295
2024-08-16,0.13025632221583766,0.150116929629014,0.15650756104981264,0.14442261035939966
2024-08-19,0.12652805949205168,0.1480752252907612,0.1566115395322628,0.14086403433346983
2024-08-20,0.12171923688060773,0.14804689259937362,0.15642131986415517,0.1366054621712651
2024-08-21,0.13552246292592407,0.15143720570147148,0.15821200023276955,0.15076038808987216
2024-08-22,0.1417012738750041,0.15274045444001183,0.15765215884197648,0.15306456143652403
2024-08-23,0.14364705740368483,0.15360594941928918,0.15830937346188587,0.15157470651846092
2024-08-26,0.1412379648975843,0.15354850317408603,0.15829982500292844,0.1481451562885471
2024-08-27,0.14179116814415044,0.1526607270246489,0.15814867992140547,0.14542069058101934
2024-08-28,0.16004121454050568,0.15479252027527654,0.15931913685402893,0.16147692418700466
2024-08-29,0.1582944918636675,0.15130848160604055,0.15948216238257193,0.15892005549634147
2024-08-30,0.16525383845094643,0.1541474615356741,0.15908413946452404,0.16386960769647715
2024-09-02,0.16575263974317211,0.1545775187792767,0.15916361264894216,0.16043832809543349
2024-09-03,0.1744952985524917,0.1589948476650038,0.16090686330700127,0.17096809104352084
2024-09-04,0.1761379247919002,0.1597966727095439,0.16118970362787893,0.16927654221603158
2024-09-05,0.17652932342043098,0.1596495883898601,0.16093384797769128,0.16612180677409974
2024-09-06,0.17672818453010683,0.15975010969448966,0.1583175256727214,0.16254390209519426
2024-09-09,0.17253786205352387,0.15955023821237918,0.15827876688519357,0.15826107467168382
2024-09-10,0.15392525729458387,0.15902468541002415,0.1583452328974065,0.15355472737699624
2024-09-11,0.1553033002637311,0.15992743356912578,0.15738537707496467,0.15307691434605067
2024-09-12,0.16063654863200935,0.15750440053558346,0.15776146375524008,0.1522007435582302
2024-09-13,0.1597598110329422,0.1534074529347711,0.15654661332353045,0.14824760730218806
2024-09-16,0.16098343812773372,0.15484070166219435,0.1569756700877998,0.1492496005617037
2024-09-17,0.16076956404439766,0.15476638508138119,0.15700118418757666,0.14470388818745294
2024-09-18,0.14934550776088848,0.1547635487067164,0.15380851286412328,0.14032012019668372
2024-09-19,0.14080330612660416,0.14559700778706136,0.15370438121000604,0.13616369492161667
2024-09-20,0.13568007920458044,0.14533558857970968,0.15364731962607472,0.13339655316440702
2024-09-23,0.14226499696809494,0.14492676859771594,0.15450073426709413,0.13433110224809855
2024-09-24,0.14165952192929057,0.14449240889360004,0.15449451185695273,0.13033612538646275
2024-09-25,0.11471515866238904,0.1440165347329455,0.15413672094058445,0.12658387286444717
2024-09-26,0.10826295307302777,0.1404295175424343,0.15379526494998128,0.12379657648315123
2024-09-27,0.10239213282066811,0.13972385433675652,0.15328456422301584,0.12030248019767598
2024-09-30,0.10597237328030448,0.13973120115307822,0.15211561719893274,0.11860671376717508
2024-10-01,0.08779622268608611,0.139718793979352,0.149656712590481,0.1149953538594656
2024-10-02,0.08441640081092348,0.13976205603305614,0.14969974286834184,0.11308337755063055
2024-10-03,0.08259829040846897,0.13984622505626024,0.14529429942239247,0.1098965879226099
2024-10-04,0.08395787483928406,0.140323428648277,0.14466614979670006,0.1101307106247031
2024-10-07,0.08351181763252548,0.13749716562046452,0.14472715551394386,0.10685949331522608
2024-10-08,0.09265455158205849,0.12890204223836774,0.145483617033077,0.11405233510524546
2024-10-09,0.08829942001774214,0.12895743334446821,0.14411367666960823,0.1107295769351373
2024-10-10,0.10369511000763001,0.1334328180173682,0.14617716806083883,0.12605650510730143
2024-10-11,0.11480296480429775,0.13683696326646827,0.14748638572770942,0.13556051418630616
2024-10-14,0.11467116523363562,0.13635487563287818,0.14785146012572634,0.13730014735974905
2024-10-15,0.12571988878188034,0.13764407212698415,0.1473693044423658,0.14681206085526996
2024-10-16,0.12998607229763826,0.1371414052263693,0.14778132863685536,0.14928982721188158
2024-10-17,0.14566664560395626,0.14148420543487372,0.14524550021904048,0.1573530790039904
2024-10-18,0.15081369499369812,0.14289224512677456,0.14615416990672367,0.15734468475504088
2024-10-21,0.1474457414879515,0.14196359514254903,0.14616473610114825,0.15554983223476374
2024-10-22,0.14749428709017484,0.1415551776954576,0.14530107820128163,0.1508342002326446
2024-10-23,0.15724863858281501,0.1451374120123532,0.14700264790212123,0.16081123920443355
2024-10-24,0.17032517001573244,0.14897827864427254,0.14765502335259093,0.16784281430568423
2024-10-25,0.1722286110699961,0.14860961401763542,0.14773246186005062,0.16461198829384296
2024-10-28,0.17330405045046055,0.1494047056341295,0.14808123489419225,0.16507124796541042
2024-10-29,0.17523142173260253,0.1491723351167241,0.14851979738952184,0.1646298976176658
2024-10-30,0.1763482755963456,0.1495316279314285,0.14863538431367515,0.16017709158760818
2024-10-31,0.1779975060499358,0.15045580930885497,0.14925142053596718,0.16070414954108508
2024-11-01,0.17985313063177383,0.15126410297310003,0.1486281800225787,0.1574586357187855
2024-11-04,0.18413998689515182,0.151181037542517,0.14834044604162216,0.15683182670520684
2024-11-05,0.18337594282810316,0.14641867051696672,0.14890489042180968,0.15568130392287746
2024-11-06,0.18585259793484868,0.1475274257479711,0.1492964738674442,0.15405440188662034
2024-11-07,0.1740507486231835,0.14736445403963117,0.1478048993905762,0.14968759828651604
2024-11-08,0.17165651418624014,0.14857521349318298,0.148779642077028,0.15139117741687255
2024-11-11,0.1684381928742082,0.14837541840628227,0.14779944465659212,0.14788927342084485
2024-11-12,0.1583049589975804,0.1484069413068854,0.14782839722224184,0.144136186408232
2024-11-13,0.15556446500317717,0.14621877672758957,0.14825560885953806,0.14656244044214764
2024-11-14,0.14803844583208833,0.1440954564169014,0.1480599760638497,0.14333338002383594
2024-11-15,0.1543369797476704,0.14570121649422363,0.1495366734845384,0.15100266182992758
2024-11-18,0.1549829487024059,0.1463146183185263,0.14985073026685297,0.1503260820085642
2024-11-19,0.16038456044651883,0.14765027339104406,0.1499538356955583,0.15312570188362412
2024-11-20,0.14935588447367176,0.14052518222875413,0.14796284940535054,0.14949071824329274
2024-11-21,0.14349290923032995,0.1413111557420392,0.14727365103589457,0.15474353383122885
2024-11-22,0.14827410513778042,0.14194058857916428,0.14883739652963895,0.162395526440838
2024-11-25,0.14536686002099808,0.14177962148779702,0.14881990677010015,0.15790151818209727
2024-11-26,0.14572854772387633,0.13886327838024545,0.1491845281647926,0.15484606341341087
2024-11-27,0.16212166384766455,0.14468337704238907,0.15234723648374512,0.1744945042594362
2024-11-28,0.16264810797977577,0.1453411427794562,0.15245559046501897,0.170755359629935
2024-11-29,0.1598148816414298,0.14519745999716813,0.15233696923030013,0.16623382611874132
2024-12-02,0.1542676500001035,0.14530156661923183,0.15217905940738544,0.16124726680346305
2024-12-03,0.1510190333164825,0.14672680268435387,0.15278124606059731,0.1637052561874107
2024-12-04,0.15261779126588723,0.1501534314687464,0.15488362978189119,0.17528857954472846
2024-12-05,0.15240209282205797,0.1488411607457757,0.1535349733607074,0.1727979752510643
2024-12-06,0.13910089840212156,0.14905165425080333,0.15216596879797675,0.17206502728215303
2024-12-09,0.14150672776707104,0.14837579665623665,0.1521929567399576,0.1668422943436675
2024-12-10,0.1426666767583825,0.1497292020368552,0.15307218787921537,0.16921330818512215
2024-12-11,0.1261854268938406,0.1496622218296657,0.15305857701194667,0.16444915315113368
2024-12-12,0.12587660351196348,0.14977314000700873,0.14917453438578596,0.1611583885961558
2024-12-13,0.12311692961082651,0.14980284001530583,0.14882340593501905,0.15764993609821382
2024-12-16,0.12894486989043835,0.14824003579049735,0.1479403177064441,0.15347319595172906
2024-12-17,0.14728448295881086,0.1524115922889616,0.149585495054202,0.15884882446306234
2024-12-18,0.14996899573570854,0.1527872274045558,0.14954005845676688,0.1543168520247082
2024-12-19,0.1586821454082464,0.15595828331171777,0.14881278373614132,0.15750343423078092
2024-12-20,0.15431559679541534,0.156307020694916,0.14855629262273173,0.1536435856834278
2024-12-23,0.16044213079451247,0.15756464784500357,0.1495483821782331,0.1601608026016279
2024-12-24,0.15728279287338076,0.15759912237757065,0.14957063289951544,0.1552856690735709
2024-12-25,0.1411936067600697,0.15791378504091685,0.1494911796827379,0.15090316699520503
2024-12-26,0.17286501999486942,0.16888457798065792,0.1559753958083571,0.19271340844181065
2024-12-27,0.17316893834527472,0.16871584414929758,0.15593661515711663,0.18692099749039107
2024-12-30,0.1804358015267072,0.17094577382347287,0.15552781841343866,0.18614787489422566
2024-12-31,0.18593718350366079,0.17302609090715004,0.15335041568718902,0.19487112954213515
2025-01-01,0.17744782886801622,0.17288326848273797,0.15346222435019027,0.19044014722542618
2025-01-02,0.18094322421907105,0.16914967275753312,0.1544655204336114,0.192755379739135
2025-01-03,0.18002261921785592,0.16772645416747228,0.15439347455741798,0.1869287180449247
2025-01-06,0.1794749190833241,0.16712468730888252,0.15330581413869468,0.18163687670400355
2025-01-07,0.17615868813884455,0.1651267968340494,0.15213298952541665,0.17610976076156834
2025-01-08,0.1828331706289798,0.16665060562705847,0.15225243508464004,0.17613900986249703
2025-01-09,0.18269914214218297,0.16220742945761013,0.15219765474058763,0.17213381059173513
2025-01-10,0.18226640373915903,0.15996832319264176,0.15191371117507835,0.16717945368351692
2025-01-13,0.18191548865403268,0.15985349078360978,0.15118453354874553,0.16420770186607583
2025-01-14,0.17101919541938732,0.15978174454269317,0.1509461224634604,0.16006859275236396
2025-01-15,0.16969392428374752,0.15711616334843337,0.15092070603213043,0.15552284989976575
2025-01-16,0.16226199160074695,0.15362836123361498,0.15162981532438513,0.16037827327578832
2025-01-17,0.1656140381226263,0.15414880924294172,0.15166481114928074,0.1586720799707332
2025-01-20,0.16657941184496944,0.15514340356547326,0.1521334493973945,0.15696447346512687
2025-01-21,0.16634632400988858,0.1545853807555583,0.15150035815451726,0.15219938513869777
2025-01-22,0.1649679743459602,0.15413881672944385,0.15155881476593974,0.149601733288266
2025-01-23,0.1320935777844212,0.15470426740275778,0.15226944152936414,0.15360149427907233
2025-01-24,0.14369463287608117,0.15712983096237476,0.15387977124662425,0.15715818791731173
2025-01-27,0.14190884626533112,0.15699042856765255,0.15428455137565256,0.16374703034318744
2025-01-28,0.13002580985430856,0.15502266915656396,0.15097646633252176,0.15885704987967572
2025-01-29,0.13344506962118935,0.15462054495715408,0.15152149250529198,0.1561386299344518
2025-01-30,0.1305888059653052,0.1566643246204,0.15234976586808854,0.15507304044606066
2025-01-31,0.1303803817105181,0.153824687231704,0.15202412136986612,0.1503642362095673
2025-02-03,0.15198728070144985,0.1588545037028505,0.1546535248201465,0.1711539388698456
2025-02-04,0.15462757574329627,0.16019021420176877,0.15508875545416076,0.16760626139745885
2025-02-05,0.14719088890018858,0.1570280766228212,0.15336144109553068,0.1635069275810809
2025-02-06,0.15207028273443762,0.1582213506508466,0.15279859301756618,0.16710355506065788
2025-02-07,0.15216391525940595,0.15666823390561874,0.15202389142865552,0.16210242691486507
2025-02-10,0.15165913891370386,0.1563657992077527,0.15202410695555707,0.15827900180771676
2025-02-11,0.1567779424871042,0.15683984419867325,0.152832459465186,0.16282173099274083
2025-02-12,0.15676590377221436,0.15685257442092274,0.1490716098150189,0.15825825763486087
2025-02-13,0.154371330705345,0.15666786082288597,0.14888855254044975,0.1549978982476473
2025-02-14,0.16321663351663596,0.15884738071159007,0.15035695424707965,0.1716954392941491
2025-02-17,0.1574427160663092,0.15897941323658502,0.15041364735194548,0.16865754563257765
2025-02-18,0.1665723809310936,0.16130916470648052,0.15095036188326275,0.18206258313192475
2025-02-19,0.16724519485984207,0.1566667342231369,0.15074394341038358,0.17657353248195032
2025-02-20,0.16570417761519546,0.15556927188832134,0.15072739714204925,0.17119691886854296
2025-02-21,0.16336015971452825,0.15863342564397173,0.15206313248956912,0.1715685347722898
2025-02-24,0.15881453763282588,0.15841896651369022,0.15208956905368756,0.16636320922274153
2025-02-25,0.15856419740899402,0.1573704071436708,0.15195799295124554,0.1617982523752219
2025-02-26,0.15848618623282376,0.15532064267131498,0.15227867995839314,0.15889727759201086
2025-02-27,0.17263568741916963,0.16132362671972825,0.15455959533075045,0.17044059173277806
2025-02-28,0.1792372982595828,0.16273674998471815,0.15542151566009804,0.1699848728160886
2025-03-03,0.16388291704775104,0.16304984320723392,0.15524431840027358,0.1653286777524289
2025-03-04,0.16170653110124558,0.16173106396051543,0.15529359503651646,0.16034774831972173
2025-03-05,0.16840224577246957,0.1639801114499796,0.15638353324465956,0.16649744379853468
2025-03-06,0.1631776157673498,0.1638008575919221,0.1563804044855253,0.16155840857077625
2025-03-07,0.16346736036867834,0.1637923095886613,0.15642437656810065,0.15667617740930195
2025-03-10,0.1632476108596077,0.1634654752368567,0.15553003109023525,0.15192214934803266
2025-03-11,0.18107624231005023,0.16936997223699665,0.16055277507952065,0.17627030933696183
2025-03-12,0.18277402361928766,0.16943124120956746,0.16070114905458788,0.17317227079807837
2025-03-13,0.18293938427437575,0.16749110342547832,0.16115013550788082,0.16953764597629023
2025-03-14,0.16734952472683884,0.16904806600333808,0.16212544240812077,0.16951652463458056
2025-03-17,0.16719317716053195,0.1691234005262787,0.16295228881962698,0.17026620412479282
2025-03-18,0.1525971174139282,0.174541101551444,0.16591406386636726,0.18147380632381488
2025-03-19,0.15453301385928886,0.17442449857688158,0.1658929308626868,0.17669711032522628
2025-03-20,0.157984193679013,0.1656238647759902,0.16768155675227922,0.18126408155561688
2025-03-21,0.16213909666499127,0.16609117118330122,0.16766086713493764,0.17774335546147438
2025-03-24,0.16383404160109746,0.1643697973275373,0.1676229567082984,0.17296398035307095
2025-03-25,0.1753366984552571,0.16260199104787643,0.1679592007854206,0.17703838395106736
2025-03-26,0.17612205905116546,0.16226003769046374,0.16788136191780384,0.17179753866713995
2025-03-27,0.16734772261608472,0.15990761782624058,0.16556175757896602,0.1668015194636623
2025-03-28,0.1647359888700715,0.16004175242566673,0.16464829930355282,0.1621170962403063
2025-03-31,0.16652339300580632,0.16022813513707201,0.16428012475303738,0.15845220508414634
2025-04-01,0.16694296397171537,0.16064287770930302,0.16331379210430522,0.15480079312774497
2025-04-02,0.1591894472003567,0.16149065527007433,0.16420398947150192,0.15911195202093018
2025-04-03,0.16878138827498743,0.16324051329444886,0.16304303490260752,0.16257633535364494
2025-04-04,0.17144289789714012,0.16355756156890108,0.1622380308667261,0.15933886756440474
2025-04-07,0.17657749395244665,0.16412845291457484,0.16240547319596454,0.15903743443784804
2025-04-08,0.16828967699474395,0.1692623742299898,0.1654184705478405,0.17217433213709546
2025-04-09,0.1857198987964834,0.1749040451307032,0.1665092039816309,0.1876079522996507
2025-04-10,0.18960929631240445,0.17477770406803864,0.16580593576072034,0.18834797619928279
2025-04-11,0.18647433001381467,0.17393651792113518,0.16536327313161622,0.1828628233301398
2025-04-14,0.18196751839438347,0.17305594745271718,0.16485687164493043,0.17748800372583035
2025-04-15,0.1737329130669869,0.1752102796131423,0.16578639178065002,0.17902178052258616
2025-04-16,0.18094911323567145,0.17733586708942428,0.16724088052780378,0.1822429650901678
2025-04-17,0.17262560647733835,0.1755116088007441,0.16676821783832865,0.17744992538784435
2025-04-18,0.1713723134192426,0.17355701398981385,0.16642846081833798,0.17247961466794418
2025-04-21,0.17170816144078288,0.17086555766003145,0.16589585983724428,0.16805525134372457
2025-04-22,0.16755862671603294,0.1721784568936125,0.16567721641184976,0.1678267962913988
2025-04-23,0.16769434270827827,0.1717466032873162,0.1652168293769965,0.16314408204429603
2025-04-24,0.17815790990598868,0.17405828213406757,0.16659626936234756,0.1709432221375537
2025-04-25,0.18270850064806493,0.1757655267856469,0.16616748697662415,0.17266219343346467
2025-04-28,0.18247274588352552,0.1695848457097243,0.16626462802222736,0.16766984591457704
2025-04-29,0.18465791597786527,0.1704498908066679,0.16674106119717347,0.16808131169492543
2025-04-30,0.17579874400616027,0.1702844182830928,0.1655567249442515,0.16323925235809608
2025-05-01,0.17528355489462585,0.16918685432841202,0.1663278388331498,0.1621021186597121
2025-05-02,0.18021301515246949,0.1714634635727721,0.16610897796081428,0.1660651085168744
2025-05-05,0.1778163618281143,0.17132507551380818,0.165839870175854,0.1615245987390298
2025-05-06,0.1607750685210998,0.16908089523473116,0.1653776153528628,0.157078657760547
2025-05-07,0.1443182676876511,0.1696556128546776,0.1655227810579606,0.15499079183674752
2025-05-08,0.13468720455124872,0.1692270658852822,0.16462387080136634,0.1502777361150725
2025-05-09,0.13975651105935494,0.16545140327654703,0.16407643506626332,0.15364358990920898
2025-05-12,0.139907103145222,0.16483627748686178,0.16407702375211766,0.14898737620364197
2025-05-13,0.12809808354221916,0.15956322004032705,0.16374257877771384,0.145881295782715
2025-05-14,0.11279823289189406,0.1613827040671197,0.1614962240092515,0.14844523000133983
2025-05-15,0.11478887400612522,0.16140228106293297,0.16115887851302557,0.14401499685468638
2025-05-16,0.13687729162609344,0.16802893709524178,0.16471925197212736,0.1712553371928035
2025-05-19,0.1361609104532398,0.1682291291929442,0.16484771947391247,0.1665976003683604
2025-05-20,0.14734534934745866,0.16983666211139736,0.16528361411104936,0.16744628542122642
2025-05-21,0.15044162585552695,0.1724876261887053,0.16474593106634677,0.17456760113974462
2025-05-22,0.14535061932882873,0.16861176618069026,0.16486101348866813,0.17311120003341648
2025-05-23,0.14811803353656589,0.16770945658584033,0.16486359376666415,0.16972060132035796
2025-05-26,0.15140103979518588,0.16823439591927827,0.16528686723630218,0.1666253552595052
2025-05-27,0.14907843560156794,0.16826747777515974,0.16452282227338774,0.16222242220949482
2025-05-28,0.15058343684592773,0.16578874747658423,0.16461882103809422,0.1575767309565268
2025-05-29,0.1434565007457517,0.16581859022583123,0.16449656100369697,0.15310571124981112
2025-05-30,0.13967599642275616,0.1664651234059873,0.16468978716737614,0.15186596406357533
2025-06-02,0.155262381724129,0.1698344308098863,0.16637330405565415,0.15906858773075283
2025-06-03,0.15988807383866388,0.16378992659311745,0.16596836535690587,0.1653625883197766
2025-06-04,0.174783293765544,0.16756391263458095,0.16804201518524062,0.17327015616435962
2025-06-05,0.17575618674564886,0.1671423919590031,0.1668930207142791,0.16842859874848026
2025-06-06,0.17311216105819596,0.16585558089838287,0.16695078223346402,0.16448458449323028
2025-06-09,0.17467545594692965,0.16431629034965717,0.16604704663486577,0.1624454446168358
2025-06-10,0.17789431440964346,0.15992251955171524,0.16669823811654488,0.16109667466570554
2025-06-11,0.1811892541033194,0.16315598921119417,0.16817902851417782,0.1658662592293615
2025-06-12,0.18139144148158345,0.15945876409481033,0.16204797292931147,0.16107870878356315
2025-06-13,0.15969498663930076,0.16199073818898274,0.16340813515116215,0.16454559826733745
2025-06-16,0.16220672514080225,0.16221687341062985,0.16262410842973482,0.16132059830759535
2025-06-17,0.15858731057939446,0.16030495654631532,0.16077785317544038,0.1574944290268344
2025-06-18,0.14452022144394164,0.16085288636843553,0.16087789037877115,0.15419383186173585
2025-06-19,0.14904903791147833,0.1659167992377941,0.1622604007301451,0.1667832670893804
2025-06-20,0.14941958231514602,0.1657595762670493,0.16224152629744434,0.16171314075216195
2025-06-23,0.15583421855181717,0.1665501498284227,0.1627321989346998,0.16125358065489398
2025-06-24,0.15398791717738874,0.16631026263745421,0.16281360331122002,0.15673469143804397
2025-06-25,0.157493413539857,0.16399037656310186,0.16209828108129187,0.15395912283712634
2025-06-26,0.17923347814307006,0.167686288523072,0.1648223056525345,0.1719026010327603
2025-06-27,0.18728332679917092,0.17029279843785153,0.1663193680310931,0.17844592114603494
2025-06-30,0.19206750315633792,0.17324580857657002,0.1681255124829997,0.18802662853707297
2025-07-01,0.18406022809846695,0.1676504230038788,0.16811029447536993,0.18239649673114347
2025-07-02,0.174016326264933,0.16247171724863388,0.16820658811243586,0.1780458368648864
2025-07-03,0.17976582677233488,0.16188107122702747,0.16827359690005195,0.18154504573277283
2025-07-04,0.17847854234930194,0.16206007391637653,0.16778147347372613,0.1761470752553543
2025-07-07,0.17705533272340904,0.16206004627598722,0.16724302020498666,0.17098338074993497
2025-07-08,0.174157674040306,0.15966431338806086,0.16741342382772745,0.1664871758433274
2025-07-09,0.17063398594587673,0.15845146502022975,0.16822235656132475,0.16723763644350154
2025-07-10,0.1726049650735809,0.15908578952695077,0.1677567648948431,0.16615403411921825
2025-07-11,0.16498435320668606,0.16020556778928682,0.16716898545549763,0.16715075488251335
2025-07-14,0.1661713441230621,0.16028938813093693,0.1663444042376566,0.16636135982758285
2025-07-15,0.16687007207574453,0.16034847460046667,0.1666501037089487,0.16282429020745315
2025-07-16,0.167480959609353,0.16095365420761532,0.1666226521423703,0.1597612554430074
2025-07-17,0.14444446033194352,0.1581749143583516,0.16604785715992032,0.15565317193002795
2025-07-18,0.14374950462698555,0.15669278711300658,0.16605877265199248,0.1513035030128277
2025-07-21,0.16005855296379934,0.16058601618001406,0.1648096023694869,0.15895855580826884
2025-07-22,0.1628961607130241,0.160340973977438,0.16489309182950634,0.15645574566967488
2025-07-23,0.16797573617298286,0.16161967992036527,0.1653863661049585,0.15534582725848453
2025-07-24,0.15424953688156834,0.16104137463220966,0.1648020526347637,0.1548873750962377
2025-07-25,0.14592272538340845,0.1593669870841761,0.165016930413774,0.15238503381455196
2025-07-28,0.13239223367128589,0.1598617102990492,0.16514141416950207,0.14907584055234588
2025-07-29,0.13386474870130963,0.16019796462779737,0.16424858037266452,0.14606996775702574
2025-07-30,0.13505898955070372,0.1606236310862571,0.16462844410408284,0.14453930636296453
2025-07-31,0.12485113838122283,0.1614676586917184,0.16475930874784112,0.14284081437705057
2025-08-01,0.12811404296186016,0.16007890666960167,0.16217692531476635,0.14085202349089593
2025-08-04,0.13901091510559632,0.16248805685335657,0.1631532655767449,0.14747385986870126
2025-08-05,0.1698895002970409,0.17272723087800973,0.16565680500907676,0.17983561628683103
2025-08-06,0.16651208716877977,0.17118961937886942,0.16567767928795413,0.17456243350726783
2025-08-07,0.16713930199873778,0.17233653388238193,0.1663093069091516,0.17371526735522547
2025-08-08,0.172154788646353,0.16741417097345695,0.16702686591207505,0.17938717173062751
2025-08-11,0.17364472567865938,0.16876217965978316,0.16778747845346278,0.17947789617267218
2025-08-12,0.17547586079455038,0.1677027073111708,0.1681422506312829,0.17711781568618595
2025-08-13,0.18179693819507647,0.1674035486492214,0.1692608506393131,0.18084874915877075
2025-08-14,0.18108131396044547,0.16635425383121352,0.1669321946471639,0.17536730695872765
2025-08-15,0.19467764736901522,0.17153592314908037,0.16918893030650303,0.18902202470793736
2025-08-18,0.19505212601628066,0.17335470559821559,0.17021296634971772,0.19116082028564763
2025-08-19,0.19939566501925154,0.17547271573238712,0.17143659179145726,0.1926847906414433
2025-08-20,0.2015038100946338,0.17696991958610683,0.17082407882089767,0.19207838470239574
2025-08-21,0.1988088713123886,0.1769472162499743,0.17084924391089673,0.1863643461729079
2025-08-22,0.19759425395971789,0.1762562763223834,0.17088130757833314,0.18110819987675073
2025-08-25,0.2008986914134728,0.17470988611362193,0.17157746736595436,0.18095210734264866
2025-08-26,0.19970560778451146,0.17195491683530612,0.1674772899588433,0.17550804416032703
2025-08-27,0.198407563739283,0.1685285743371062,0.167400777626064,0.17109552498854744
2025-08-28,0.19713688857375858,0.16888123460106777,0.16734504532335748,0.16807387999243897
2025-08-29,0.20006299093358715,0.1701288966420994,0.16731061480802534,0.16982991615396975
2025-09-01,0.19563947642087573,0.16982669029853695,0.16650745651387647,0.16553969178945974
2025-09-02,0.1651689066327276,0.16915966976611113,0.16407083461100114,0.16180707943747002
2025-09-03,0.1654684248613296,0.16639049537150272,0.16410179362551566,0.15803398571633664
2025-09-04,0.16346721417513313,0.16665023572924298,0.1624582385716217,0.15486245055696685
2025-09-05,0.16372311190337566,0.16671746290340705,0.16368505312580944,0.15906683173677968
2025-09-08,0.15941188123878408,0.16653070985445562,0.1637074218500786,0.15517107579358244
2025-09-09,0.18403016442939496,0.1743584905942168,0.16684453558943402,0.18369330229906167
2025-09-10,0.17589811761759358,0.17425849622361808,0.16716028946326622,0.1810927051779733
2025-09-11,0.1888797135761078,0.17336802994031764,0.1693107195215049,0.1878879306467476
2025-09-12,0.17083106150156518,0.17389521031768082,0.1694328352649048,0.18313126067670893
2025-09-15,0.16548193801392955,0.17322332919256453,0.16937184506751884,0.17762133216058618
2025-09-16,0.15593645261091743,0.1731236024739143,0.16924212318966458,0.1734160578340835
2025-09-17,0.15508791292777957,0.17363510437181964,0.16821829252388165,0.16991868259427304
2025-09-18,0.15461747039393522,0.16840067242657977,0.1673366230683905,0.16513840627745754
2025-09-19,0.1548784372801617,0.1654677886685915,0.16722499518640196,0.16017114058345525
2025-09-22,0.15408276889154784,0.16214230659201184,0.16728037308957255,0.1584104925328503
2025-09-23,0.15917078575339982,0.16370141044785283,0.16541299691726644,0.15908175525670631
2025-09-24,0.15831478578099029,0.163401796230728,0.16256381788280377,0.15438934945793584
2025-09-25,0.1655940882352885,0.1637677097514913,0.16309630317248314,0.16111725763830542
2025-09-26,0.17366430550106318,0.16825492490860644,0.1651149669047801,0.1723236727952019
2025-09-29,0.17762392139221742,0.16970201606467966,0.16574908894959653,0.17253633027654625
2025-09-30,0.19069060613135688,0.1744233707872466,0.16731006186036376,0.18412432447407098
2025-10-01,0.2153953082957348,0.18319386349002856,0.1716301253760418,0.21203907429395843
2025-10-02,0.23636125566043512,0.19006743144249913,0.17541813052933855,0.2293160115168115
2025-10-03,0.23194814276813006,0.1886206073322039,0.1754000852750547,0.22249553674494174
2025-10-06,0.2321305390763087,0.18782780661342638,0.17531527293337293,0.21660788828678695
2025-10-07,0.20929749911939122,0.1876544269841069,0.17484606661586607,0.210529887900639
2025-10-08,0.20606257840965864,0.1873127151667162,0.17484796242130932,0.2044677049860106
2025-10-09,0.19943836595516132,0.18745819967978353,0.17347751311292192,0.19931527744566546
2025-10-10,0.2033454877497517,0.18879352250017978,0.17331857113487506,0.19813257727793135
2025-10-13,0.2148833565289153,0.18998502152602337,0.1753198483476542,0.20665487469798288
2025-10-14,0.21801103504027255,0.1907548006128443,0.17555220763138163,0.20452830726152219
2025-10-15,0.22749298317433256,0.1940825068377476,0.17792318803828341,0.21165172249665296
2025-10-16,0.2282107249156604,0.1935122896962191,0.17746906490496284,0.20635058123579275
2025-10-17,0.23506353226297463,0.19560210480952486,0.17776677143590566,0.2090716274178388
2025-10-20,0.24426001476301115,0.1996991552706451,0.18025929850960262,0.21683008940944126
2025-10-21,0.24273195159398026,0.2000297237637418,0.18051650880930986,0.21283357484709234
2025-10-22,0.24270933470880537,0.199334423154063,0.1802643317761334,0.20638066576719138
2025-10-23,0.23558333386583719,0.19895596153239356,0.18042325601340747,0.20147903733899888
2025-10-24,0.22820260214314342,0.19901186968142986,0.1798371931956818,0.19646333710647446
2025-10-27,0.224941662733215,0.1969969489469658,0.1798412288617789,0.1905738091597754
2025-10-28,0.24749593071610346,0.20148041789434465,0.18686524817426695,0.2286265098563562
2025-10-29,0.22359190130759402,0.2018644507167548,0.186378923483899,0.22319070729094032
2025-10-30,0.2062331163195919,0.20189163558208487,0.18691880881174788,0.2195700965135628
2025-10-31,0.2072647237859721,0.19958547978637822,0.18344121578702197,0.21408884105031042
2025-11-03,0.20806838877160816,0.19884316728034396,0.18376621899943668,0.21001828600366018
2025-11-04,0.21392113735400298,0.20009888599576073,0.1840434553325918,0.2104251918390113
2025-11-05,0.21535767258953137,0.1984042230279173,0.18279477987514306,0.20590868687607983
2025-11-06,0.21842209015885108,0.19992681889267433,0.18314327953499154,0.20495721447583104
2025-11-07,0.21572159327498933,0.19608493000908114,0.1834513709694955,0.2023041243836475
2025-11-10,0.20797516959813636,0.19574667622756237,0.18411594485729418,0.2023746807381682
2025-11-11,0.20564063411285283,0.1936914257308345,0.1840481334325769,0.19625416378185248
2025-11-12,0.20489160727926178,0.19525485629858993,0.1855584198429958,0.20101062126797856
2025-11-13,0.20436954337613114,0.19532895708357273,0.18560226164116408,0.19547266864988785
2025-11-14,0.19770635099393913,0.19568560890648937,0.1854840042289688,0.1913616853178391
2025-11-17,0.1861576126160813,0.19504373885599963,0.18438731281233695,0.18769401828038806
2025-11-18,0.18357446983299996,0.19504419931719294,0.18308823542506406,0.18204424750992598
2025-11-19,0.18497522578618136,0.19532973805854775,0.1816654590227523,0.1784679455663801
2025-11-20,0.19321347582727996,0.19838598421807854,0.18357278650351685,0.18692706694733996
2025-11-21,0.19343098863310135,0.19701478174087467,0.1836482379957487,0.1828265889595793
2025-11-24,0.19500037414900198,0.19779256934225065,0.1838691456947476,0.18136861592339867
2025-11-25,0.15618358723659068,0.1982245455669624,0.18372817608587075,0.17818585004454277
2025-11-26,0.16431453834758947,0.20060420169927476,0.18381739592770027,0.18293594074610833
2025-11-27,0.16056190039959026,0.20024147100157436,0.18382925231393032,0.17753923876315195
2025-11-28,0.1597888239707688,0.19846427821611848,0.18281620422784262,0.1726054418775142
2025-12-01,0.15932720813568402,0.19903556347295207,0.18299665261563558,0.17053775270184957
2025-12-02,0.15201463681027552,0.19079776254293138,0.18283744418464692,0.1653875849092281
2025-12-03,0.15004025499009,0.18991289576620282,0.18268199359123022,0.16066754688793766
2025-12-04,0.14401556473317395,0.1868545095037272,0.1805026574450064,0.15616833463647525
2025-12-05,0.1624353550101816,0.1934143539277295,0.18372220277698642,0.17853555359005882
2025-12-08,0.17408924676824059,0.19876085752431416,0.18591521753993975,0.1937379664963947
2025-12-09,0.17904302699887847,0.19956934786658986,0.1864887143413968,0.19164322077641557
2025-12-10,0.17994968709484863,0.2015983311701899,0.18776696459566847,0.19492512376703158
2025-12-11,0.18349057052007886,0.20265696598598276,0.185912086909264,0.19343893378514726
2025-12-12,0.1841557174440484,0.20353875709031133,0.1850078477639876,0.19116235068237808
2025-12-15,0.18285066414246284,0.20297468772306934,0.1830331577582179,0.18563716084104442
2025-12-16,0.1835680282069446,0.20220982079536384,0.1832477555682851,0.1816028117596957
2025-12-17,0.182541309029699,0.2021771548245582,0.18308926785441015,0.1760936202796037
2025-12-18,0.1715429470566258,0.19993134654379455,0.18198067627322095,0.17162052848963644
2025-12-19,0.17066912226444722,0.1962615695713193,0.18205939440173874,0.16708644827229002
2025-12-22,0.1859859423023592,0.20002454424684388,0.1849301679092339,0.18433777797060655
2025-12-23,0.18661466108307728,0.19697181092980534,0.18528573065829318,0.1817295197802945
2025-12-24,0.18484559678862475,0.19040628290265044,0.18605020030274183,0.18712772730141639
2025-12-25,0.18489740525789647,0.1824138555928602,0.1855702280660441,0.18184628717923168
2025-12-26,0.1902427135185292,0.18382623226545292,0.1854772810100787,0.18120089730078065
2025-12-29,0.19254926692243565,0.18582466686822388,0.18610811912978611,0.1851653679133863
2025-12-30,0.20036543627761397,0.18909899288028928,0.18781061872094768,0.19366995647509536
2025-12-31,0.20286412468731607,0.18955701824640636,0.18783700114972135,0.1889786012808443
